OutboundNameAddress(name=Mike, address= 11  Toronto  ON  M1M1M1)
OutboundNameAddress(name=Sam, address= 12  Ajax  IB  VV222)
OutboundNameAddress(name=Mark, address= 13  Housten  HH  FF222)
OutboundNameAddress(name=Matoo, address=3224 Ajax Ontario 443)
OutboundNameAddress(name=Matoo, address=3224 Ajax Ontario 443)
OutboundNameAddress(name=User1, address=22 Ajax Ontario 443)
OutboundNameAddress(name=Matoo, address=3224 Ajax Ontario 443)
OutboundNameAddress(name=Matoo, address=3224 Ajax Ontario 443)
OutboundNameAddress(name=User1, address=22 Ajax Ontario 443)
OutboundNameAddress(name=Matoo, address=3224 Ajax Ontario 443)
OutboundNameAddress(name=Matoo, address=3224 Ajax Ontario 443)
OutboundNameAddress(name=User1, address=22 Ajax Ontario 443)
OutboundNameAddress(name=Matoo, address=3224 Ajax Ontario 443)
OutboundNameAddress(name=Matoo, address=3224 Ajax Ontario 443)
OutboundNameAddress(name=User1, address=22 Ajax Ontario 443)
OutboundNameAddress(name=Matoo, address=3224 Ajax Ontario 443)
OutboundNameAddress(name=Matoo, address=3224 Ajax Ontario 443)
OutboundNameAddress(name=User1, address=22 Ajax Ontario 443)
OutboundNameAddress(name=Matoo, address=3224 Ajax Ontario 443)
OutboundNameAddress(name=Matoo, address=3224 Ajax Ontario 443)
OutboundNameAddress(name=User1, address=22 Ajax Ontario 443)
OutboundNameAddress(name=Matoo, address=3224 Ajax Ontario 443)
OutboundNameAddress(name=Matoo, address=3224 Ajax Ontario 443)
OutboundNameAddress(name=User1, address=22 Ajax Ontario 443)
OutboundNameAddress(name=Matoo, address=3224 Ajax Ontario 443)
OutboundNameAddress(name=Matoo, address=3224 Ajax Ontario 443)
OutboundNameAddress(name=User1, address=22 Ajax Ontario 443)
OutboundNameAddress(name=Matoo, address=3224 Ajax Ontario 443)
OutboundNameAddress(name=Matoo, address=3224 Ajax Ontario 443)
OutboundNameAddress(name=User1, address=22 Ajax Ontario 443)
